Attack,Dataset,Accuracy,Precision,Recall,F1 Score,AUPRC,Attack Success Rate
Baseline,advBench,0.019230769230769232,1.0,0.019230769230769232,0.03773584905660377,1.0,0.9807692307692307
