Attack,Dataset,Accuracy,Precision,Recall,F1 Score,AUPRC,Attack Success Rate
Baseline,advBench,0.9730769230769231,1.0,0.9730769230769231,0.98635477582846,1.0,0.026923076923076925
