Attack,Dataset,Accuracy,Precision,Recall,F1 Score,AUPRC,Attack Success Rate
Baseline,advBench,0.015384615384615385,1.0,0.015384615384615385,0.030303030303030304,1.0,0.9846153846153847
