Attack,Dataset,Accuracy,Precision,Recall,F1 Score,AUPRC,Attack Success Rate
Baseline,DNA,0.08353221957040573,1.0,0.08353221957040573,0.15418502202643172,1.0,0.9164677804295943
