Attack,Dataset,Accuracy,Precision,Recall,F1 Score,AUPRC,Attack Success Rate
Baseline,DNA,0.6252983293556086,1.0,0.6252983293556086,0.7694566813509545,1.0,0.3747016706443914
