Attack,Dataset,Accuracy,Precision,Recall,F1 Score,AUPRC,Attack Success Rate
Baseline,advBench,0.9807692307692307,1.0,0.9807692307692307,0.9902912621359223,1.0,0.019230769230769232
