Attack,Dataset,Accuracy,Precision,Recall,F1 Score,AUPRC,Attack Success Rate
Baseline,DNA,0.01909307875894988,1.0,0.01909307875894988,0.03747072599531616,1.0,0.9809069212410502
