Attack,Dataset,Accuracy,Precision,Recall,F1 Score,AUPRC,Attack Success Rate
Baseline,DNA,0.7303102625298329,1.0,0.7303102625298329,0.8441379310344828,1.0,0.26968973747016706
