Attack,Dataset,Accuracy,Precision,Recall,F1 Score,AUPRC,Attack Success Rate
Baseline,HarmfulQA,0.0010204081632653062,1.0,0.0010204081632653062,0.0020387359836901123,1.0,0.9989795918367347
