Attack,Dataset,Accuracy,Precision,Recall,F1 Score,AUPRC,Attack Success Rate
Baseline,DNA,0.5918854415274463,1.0,0.5918854415274463,0.7436281859070465,1.0,0.4081145584725537
