Attack,Dataset,Accuracy,Precision,Recall,F1 Score,AUPRC,Attack Success Rate
Baseline,forbidden_questions,0.5512820512820513,1.0,0.5512820512820513,0.7107438016528925,1.0,0.44871794871794873
