Attack,Dataset,Accuracy,Precision,Recall,F1 Score,AUPRC,Attack Success Rate
Baseline,DNA,0.059665871121718374,1.0,0.059665871121718374,0.11261261261261261,1.0,0.9403341288782816
