Attack,Dataset,Accuracy,Precision,Recall,F1 Score,AUPRC,Attack Success Rate
Baseline,DNA,0.5632458233890215,1.0,0.5632458233890215,0.7206106870229008,1.0,0.43675417661097854
