Attack,Dataset,Accuracy,Precision,Recall,F1 Score,AUPRC,Attack Success Rate
Baseline,DNA,0.6610978520286396,1.0,0.6610978520286396,0.7959770114942529,1.0,0.33890214797136037
