Attack,Dataset,Accuracy,Precision,Recall,F1 Score,AUPRC,Attack Success Rate
Baseline,DNA,0.00954653937947494,1.0,0.00954653937947494,0.018912529550827423,1.0,0.9904534606205251
