Attack,Dataset,Accuracy,Precision,Recall,F1 Score,AUPRC,Attack Success Rate
Baseline,DNA,0.6109785202863962,1.0,0.6109785202863962,0.7585185185185185,1.0,0.38902147971360385
