Attack,Dataset,Accuracy,Precision,Recall,F1 Score,AUPRC,Attack Success Rate
Baseline,forbidden_questions,0.2230769230769231,1.0,0.2230769230769231,0.36477987421383645,1.0,0.7769230769230769
